{
    "loss": 0.2797571122646332,
    "accuracy": 0.8951612710952759
}